{"cameraMode":{"drawMode":0,"name":"Shaded","section":"Shading Mode"},"sceneLighting":false,"audioPlay":false,"sceneViewState":{"showFog":true,"showMaterialUpdate":false,"showSkybox":true,"showFlares":true,"showImageEffects":true,"showParticleSystems":true},"in2DMode":false,"pivot":{"x":-4.503950119018555,"y":-2.4097025394439699,"z":-10.997817039489746},"rotation":{"x":0.001902140211313963,"y":-0.9979649782180786,"z":0.06116066500544548,"w":0.023647882044315339},"size":13.269554138183594,"orthographic":false}